{
  "config": {
    "run_name": "exp1_4",
    "out_dir": "./results",
    "seed": 51723217,
    "device": "mps",
    "bs_train": 100,
    "bs_test": 24,
    "batches": 10,
    "epochs": 100,
    "early_stopping": 3,
    "checkpoints": null,
    "lr": 0.001,
    "reg": 0.001,
    "filters_per_layer": [
      64,
      128,
      256
    ],
    "layers_per_block": 16,
    "pool_every": 16,
    "hidden_dims": [
      100
    ],
    "model_type": "cnn",
    "kw": {}
  },
  "results": {
    "num_epochs": 6,
    "train_loss": [
      2.3040659427642822,
      2.3031985759735107,
      2.302565574645996,
      2.3025567531585693,
      2.2980844974517822,
      2.3104443550109863,
      2.2956366539001465,
      2.3094537258148193,
      2.2982375621795654,
      2.3077707290649414,
      2.307692527770996,
      2.2917895317077637,
      2.2987728118896484,
      2.308687448501587,
      2.2984812259674072,
      2.3060529232025146,
      2.2993004322052,
      2.3076729774475098,
      2.299834966659546,
      2.3064181804656982,
      2.3008739948272705,
      2.3033430576324463,
      2.3021161556243896,
      2.30741548538208,
      2.3176724910736084,
      2.3036415576934814,
      2.3014838695526123,
      2.306248664855957,
      2.2988924980163574,
      2.291774272918701,
      2.3325958251953125,
      2.2976596355438232,
      2.304344892501831,
      2.3007779121398926,
      2.307493209838867,
      2.305539846420288,
      2.3002512454986572,
      2.3018157482147217,
      2.3094818592071533,
      2.300316333770752,
      2.301781415939331,
      2.3022539615631104,
      2.3071982860565186,
      2.295088291168213,
      2.304064989089966,
      2.308659076690674,
      2.305105209350586,
      2.301537275314331,
      2.303182601928711,
      2.299914836883545,
      2.3045759201049805,
      2.308795213699341,
      2.302640438079834,
      2.3042473793029785,
      2.3016533851623535,
      2.303523540496826,
      2.3003647327423096,
      2.3036317825317383,
      2.303382635116577,
      2.302760124206543
    ],
    "train_acc": [
      11.6,
      10.7,
      10.1,
      8.2,
      10.8,
      8.8
    ],
    "test_loss": [
      2.3191654682159424,
      2.3245224952697754,
      2.2951767444610596,
      2.303727388381958,
      2.291145086288452,
      2.3027117252349854,
      2.3115243911743164,
      2.315502166748047,
      2.3074021339416504,
      2.320606231689453,
      2.316979169845581,
      2.31915020942688,
      2.2929129600524902,
      2.3060691356658936,
      2.29354190826416,
      2.304182291030884,
      2.3132312297821045,
      2.3087823390960693,
      2.3089208602905273,
      2.3181943893432617,
      2.296006441116333,
      2.2960002422332764,
      2.2960989475250244,
      2.315866231918335,
      2.318981885910034,
      2.3073785305023193,
      2.3341779708862305,
      2.2780892848968506,
      2.307701826095581,
      2.3058836460113525,
      2.305678606033325,
      2.3059256076812744,
      2.292835235595703,
      2.3059520721435547,
      2.3040101528167725,
      2.3008928298950195,
      2.3113861083984375,
      2.301612138748169,
      2.305591344833374,
      2.3075883388519287,
      2.3045108318328857,
      2.3055622577667236,
      2.2924747467041016,
      2.3052215576171875,
      2.303340196609497,
      2.3024017810821533,
      2.3071129322052,
      2.3035457134246826,
      2.3034157752990723,
      2.304797887802124,
      2.309030771255493,
      2.3091602325439453,
      2.2967002391815186,
      2.3035433292388916,
      2.299834966659546,
      2.3030383586883545,
      2.30680251121521,
      2.304616689682007,
      2.305312395095825,
      2.308540105819702
    ],
    "test_acc": [
      9.166666666666666,
      9.166666666666666,
      10.833333333333334,
      10.0,
      10.0,
      9.166666666666666
    ]
  }
}