{
  "config": {
    "run_name": "exp1_4",
    "out_dir": "./results",
    "seed": 1447812970,
    "device": "mps",
    "bs_train": 100,
    "bs_test": 24,
    "batches": 10,
    "epochs": 100,
    "early_stopping": 3,
    "checkpoints": null,
    "lr": 0.001,
    "reg": 0.001,
    "filters_per_layer": [
      64,
      128,
      256
    ],
    "layers_per_block": 8,
    "pool_every": 16,
    "hidden_dims": [
      100
    ],
    "model_type": "cnn",
    "kw": {}
  },
  "results": {
    "num_epochs": 4,
    "train_loss": [
      2.3085076808929443,
      2.2773938179016113,
      2.382206439971924,
      2.302133560180664,
      2.358959436416626,
      2.3004066944122314,
      2.3033740520477295,
      2.313361644744873,
      2.303820848464966,
      2.3106870651245117,
      2.310429096221924,
      2.298287868499756,
      2.3113813400268555,
      2.3140878677368164,
      2.2970266342163086,
      2.307849645614624,
      2.3028740882873535,
      2.3235068321228027,
      2.3113131523132324,
      2.314427137374878,
      2.317486524581909,
      2.307016372680664,
      2.2999672889709473,
      2.301523447036743,
      2.301708698272705,
      2.3120501041412354,
      2.308366298675537,
      2.3007373809814453,
      2.2941668033599854,
      2.2974119186401367,
      2.292227029800415,
      2.3152573108673096,
      2.2929956912994385,
      2.2999792098999023,
      2.3089754581451416,
      2.304298162460327,
      2.3041067123413086,
      2.307330369949341,
      2.3147213459014893,
      2.2965781688690186
    ],
    "train_acc": [
      9.6,
      10.2,
      9.2,
      8.8
    ],
    "test_loss": [
      2.306373357772827,
      2.291720151901245,
      2.307570219039917,
      2.3156440258026123,
      2.2838828563690186,
      2.30843186378479,
      2.3059158325195312,
      2.3178951740264893,
      2.335862398147583,
      2.3142073154449463,
      2.305753469467163,
      2.2882204055786133,
      2.3080732822418213,
      2.3189964294433594,
      2.2833023071289062,
      2.31142258644104,
      2.304521322250366,
      2.3151261806488037,
      2.334613084793091,
      2.3121070861816406,
      2.3043978214263916,
      2.294311761856079,
      2.308020830154419,
      2.3179073333740234,
      2.280634641647339,
      2.312657594680786,
      2.3084561824798584,
      2.314838171005249,
      2.3308985233306885,
      2.3145487308502197,
      2.304793357849121,
      2.2974698543548584,
      2.308542490005493,
      2.3174679279327393,
      2.279406785964966,
      2.3135383129119873,
      2.310016393661499,
      2.3160085678100586,
      2.329115152359009,
      2.315634250640869
    ],
    "test_acc": [
      12.083333333333334,
      12.083333333333334,
      12.083333333333334,
      10.0
    ]
  }
}