{
    "config": {
        "run_name": "exp1_1",
        "out_dir": "/home/galkesten/CS236781/Homework2/results",
        "seed": 42,
        "device": null,
        "bs_train": 32,
        "bs_test": 32,
        "batches": 1500,
        "epochs": 30,
        "early_stopping": 3,
        "checkpoints": null,
        "lr": 0.0001,
        "reg": 0.0001,
        "filters_per_layer": [
            32
        ],
        "pool_every": 4,
        "hidden_dims": [
            128
        ],
        "model_type": "cnn",
        "conv_params": {
            "kernel_size": 3,
            "stride": 1,
            "padding": 1
        },
        "activation_type": "relu",
        "activation_params": {},
        "pooling_type": "max",
        "pooling_params": {
            "kernel_size": 2
        },
        "batchnorm": false,
        "dropout": 0.0,
        "bottleneck": false,
        "kw": {},
        "layers_per_block": 2
    },
    "results": {
        "num_epochs": 24,
        "train_loss": [
            1.7043556492328644,
            1.4225311400492986,
            1.302332031885783,
            1.2208979572455088,
            1.1603976379235585,
            1.1099781138896943,
            1.065697250843048,
            1.0254968829552333,
            0.9871234798034032,
            0.9500785635312399,
            0.9137457332412402,
            0.8786503356496493,
            0.8443002253770828,
            0.8109785309235255,
            0.7784353889624278,
            0.746647230843703,
            0.7150318356752395,
            0.6840630261699359,
            0.6533653829693794,
            0.6230697048306465,
            0.59303601633509,
            0.563414264857769,
            0.5344237204690775,
            0.5055642046630382
        ],
        "train_acc": [
            39.80166666666666,
            50.07875,
            54.29541666666667,
            57.18083333333333,
            59.4475,
            61.314166666666665,
            62.80375,
            64.37041666666667,
            65.80791666666667,
            67.21416666666667,
            68.59958333333334,
            69.87875000000001,
            71.15791666666667,
            72.45166666666667,
            73.6225,
            74.78916666666667,
            75.99958333333333,
            77.19125000000001,
            78.25583333333334,
            79.50583333333334,
            80.61208333333335,
            81.75375000000001,
            82.87458333333333,
            84.02458333333334
        ],
        "test_loss": [
            1.5014835344869109,
            1.3601119762182998,
            1.2853991979760484,
            1.2371557244629905,
            1.2020376768508279,
            1.1734831489465487,
            1.1491247905100497,
            1.1310312464366705,
            1.1154288291702636,
            1.1005067355107194,
            1.0879794810679013,
            1.077924408295665,
            1.070996856171483,
            1.0659475648517427,
            1.065917324159092,
            1.0648756933821657,
            1.0694345352139336,
            1.0759007531004592,
            1.0804385816289213,
            1.0910124349479857,
            1.103301167788978,
            1.1186599199345317,
            1.1362317199866994,
            1.155810865460874
        ],
        "test_acc": [
            46.62,
            52.309999999999995,
            55.11,
            56.55,
            57.57,
            58.55,
            59.47,
            60.25,
            60.93,
            61.5,
            62.1,
            62.57,
            62.91,
            63.07,
            63.14,
            63.44,
            63.43,
            63.559999999999995,
            63.73,
            64.0,
            64.25,
            63.96,
            63.919999999999995,
            63.69
        ]
    }
}