{
    "config": {
        "run_name": "exp1_3",
        "out_dir": "/home/galkesten/CS236781/Homework2/results",
        "seed": 42,
        "device": null,
        "bs_train": 32,
        "bs_test": 32,
        "batches": 1500,
        "epochs": 30,
        "early_stopping": 3,
        "checkpoints": null,
        "lr": 0.0001,
        "reg": 0.0001,
        "filters_per_layer": [
            64,
            128
        ],
        "pool_every": 4,
        "hidden_dims": [
            128
        ],
        "model_type": "cnn",
        "conv_params": {
            "kernel_size": 3,
            "stride": 1,
            "padding": 1
        },
        "activation_type": "relu",
        "activation_params": {},
        "pooling_type": "max",
        "pooling_params": {
            "kernel_size": 2
        },
        "batchnorm": false,
        "dropout": 0.0,
        "bottleneck": false,
        "kw": {},
        "layers_per_block": 4
    },
    "results": {
        "num_epochs": 11,
        "train_loss": [
            1.8212247393631937,
            1.4647436921171346,
            1.2855314205551147,
            1.1516798013746739,
            1.0386720714296898,
            0.9383886074880758,
            0.8486850103598833,
            0.7569817578345538,
            0.6682038031633695,
            0.5765762793751558,
            0.4912188811631998
        ],
        "train_acc": [
            33.525687500000004,
            47.975,
            54.729375,
            59.8993125,
            64.4064375,
            68.05927083333334,
            71.3123125,
            74.54852083333334,
            77.69425,
            81.11983333333333,
            84.2276875
        ],
        "test_loss": [
            1.5525134833476033,
            1.3646804396184489,
            1.2515754203769727,
            1.1797041641066248,
            1.116535884040994,
            1.0886636002471273,
            1.0800956579433463,
            1.1082847106580536,
            1.187282854320523,
            1.4339026000534003,
            1.6819223561359289
        ],
        "test_acc": [
            44.096599999999995,
            51.782700000000006,
            56.2065,
            59.1557,
            61.5393,
            62.9129,
            64.05420000000001,
            64.8925,
            64.3572,
            61.206,
            59.0547
        ]
    }
}