{
    "config": {
        "run_name": "exp1_2",
        "out_dir": "/home/galkesten/CS236781/Homework2/results",
        "seed": 42,
        "device": null,
        "bs_train": 32,
        "bs_test": 32,
        "batches": 1500,
        "epochs": 30,
        "early_stopping": 3,
        "checkpoints": null,
        "lr": 0.0001,
        "reg": 0.0001,
        "filters_per_layer": [
            64
        ],
        "pool_every": 4,
        "hidden_dims": [
            128
        ],
        "model_type": "cnn",
        "conv_params": {
            "kernel_size": 3,
            "stride": 1,
            "padding": 1
        },
        "activation_type": "relu",
        "activation_params": {},
        "pooling_type": "max",
        "pooling_params": {
            "kernel_size": 2
        },
        "batchnorm": false,
        "dropout": 0.0,
        "bottleneck": false,
        "kw": {},
        "layers_per_block": 8
    },
    "results": {
        "num_epochs": 15,
        "train_loss": [
            1.8338395810182888,
            1.4920840513137976,
            1.3498248329750697,
            1.250017628842195,
            1.1651214263598124,
            1.0879961141574384,
            1.0187087460927169,
            0.951707810334166,
            0.8881915824566285,
            0.8271752636935314,
            0.7650737930965424,
            0.6986528356333573,
            0.6392421507366498,
            0.5826839737139146,
            0.5306820506485304
        ],
        "train_acc": [
            33.7781875,
            46.973416666666665,
            52.6525625,
            56.330645833333335,
            59.66575,
            62.40116666666667,
            65.20602083333334,
            67.76679166666666,
            70.0498125,
            72.0319375,
            74.20764583333333,
            76.8294375,
            79.04302083333334,
            80.93466666666667,
            82.756875
        ],
        "test_loss": [
            1.6263983790752607,
            1.4131029633096994,
            1.3186804815622184,
            1.2585470845181341,
            1.2175675715691745,
            1.1757238761590312,
            1.1829778384591063,
            1.1852254995446618,
            1.1634297410044045,
            1.1769721664378818,
            1.2088385461599302,
            1.2473551732435015,
            1.3065457636079851,
            1.3713486615023294,
            1.4617843672833124
        ],
        "test_acc": [
            41.5918,
            49.8132,
            53.40880000000001,
            55.873200000000004,
            57.6104,
            59.175900000000006,
            59.2567,
            60.024300000000004,
            61.377700000000004,
            61.923100000000005,
            62.0443,
            62.5291,
            62.20590000000001,
            61.5898,
            61.3979
        ]
    }
}