{
    "config": {
        "run_name": "exp1_4",
        "out_dir": "/home/galkesten/CS236781/Homework2/results",
        "seed": 42,
        "device": null,
        "bs_train": 32,
        "bs_test": 32,
        "batches": 1500,
        "epochs": 60,
        "early_stopping": 3,
        "checkpoints": null,
        "lr": 0.0001,
        "reg": 0.0001,
        "filters_per_layer": [
            32
        ],
        "pool_every": 8,
        "hidden_dims": [
            512,
            256
        ],
        "model_type": "resnet",
        "conv_params": {
            "kernel_size": 3,
            "stride": 1,
            "padding": 1
        },
        "activation_type": "relu",
        "activation_params": {},
        "pooling_type": "max",
        "pooling_params": {
            "kernel_size": 2
        },
        "batchnorm": true,
        "dropout": 0.2,
        "bottleneck": false,
        "kw": {},
        "layers_per_block": 32
    },
    "results": {
        "num_epochs": 32,
        "train_loss": [
            2.0876703453914325,
            1.7719247532129287,
            1.6144681877128284,
            1.516640184528033,
            1.4381584054279328,
            1.3679321667675177,
            1.2966785881809393,
            1.2346754669113955,
            1.1740649126466116,
            1.1241047915625573,
            1.0817147430519265,
            1.044800476451715,
            1.014717503696084,
            0.9819199305490652,
            0.957211575251619,
            0.9341261771514018,
            0.909847415170471,
            0.8883792733422916,
            0.8638418588707845,
            0.8450411575971047,
            0.8326293361510834,
            0.8146398681281011,
            0.7974797740113735,
            0.7828280895473559,
            0.7704174194395542,
            0.7513907031890751,
            0.740499147567749,
            0.7305846661014358,
            0.718610898346305,
            0.7049895799567303,
            0.6987405818732579,
            0.6810458936485648
        ],
        "train_acc": [
            22.773395833333332,
            35.33316666666667,
            41.626729166666664,
            45.0144375,
            48.663062499999995,
            51.600479166666666,
            54.123374999999996,
            56.513708333333334,
            58.90825,
            60.79147916666666,
            62.48954166666666,
            63.8004375,
            64.905125,
            65.87935416666667,
            67.05347916666666,
            67.46589583333333,
            68.743125,
            69.23339583333333,
            70.17395833333333,
            70.8325625,
            71.46802083333334,
            72.13083333333334,
            72.682125,
            73.23341666666667,
            73.5216875,
            74.15293750000001,
            74.66845833333333,
            74.99670833333333,
            75.49960416666667,
            75.94358333333334,
            76.2045,
            76.81891666666667
        ],
        "test_loss": [
            1.975944354823603,
            1.7254857114100228,
            1.523396678934463,
            1.39814453174131,
            1.3277517225129156,
            1.2479577760079417,
            1.1817094762504292,
            1.1269544470424468,
            1.0699264153352561,
            1.0625998223437287,
            1.0175991540252212,
            1.0123744589356949,
            0.9846845736195105,
            0.9485264212264422,
            0.9279098060279609,
            0.9092643041723071,
            0.9021533862156228,
            0.8788381102024176,
            0.872444068327689,
            0.8658930650753335,
            0.840950328480131,
            0.8232593898451367,
            0.8144043762177324,
            0.8195201882115378,
            0.7944557581308741,
            0.7962239512920188,
            0.8098470464691567,
            0.793668986305642,
            0.7640522418863857,
            0.7713501622792059,
            0.8014379247201803,
            0.7784186663245336
        ],
        "test_acc": [
            26.563000000000002,
            37.349799999999995,
            44.157199999999996,
            49.5607,
            52.7018,
            55.7318,
            58.2265,
            60.3778,
            62.9634,
            63.6199,
            65.0945,
            65.1854,
            66.963,
            68.2962,
            69.3365,
            70.02329999999999,
            70.7,
            71.53829999999999,
            71.7908,
            71.9827,
            72.1645,
            73.0533,
            73.5482,
            73.69969999999999,
            74.437,
            74.4269,
            73.5482,
            74.7905,
            75.6389,
            75.6187,
            74.9824,
            75.56819999999999
        ]
    }
}