{
    "config": {
        "run_name": "exp1_1",
        "out_dir": "/home/galkesten/CS236781/Homework2/results",
        "seed": 42,
        "device": null,
        "bs_train": 32,
        "bs_test": 32,
        "batches": 1500,
        "epochs": 30,
        "early_stopping": 3,
        "checkpoints": null,
        "lr": 0.0001,
        "reg": 0.0001,
        "filters_per_layer": [
            64
        ],
        "pool_every": 4,
        "hidden_dims": [
            128
        ],
        "model_type": "cnn",
        "conv_params": {
            "kernel_size": 3,
            "stride": 1,
            "padding": 1
        },
        "activation_type": "relu",
        "activation_params": {},
        "pooling_type": "max",
        "pooling_params": {
            "kernel_size": 2
        },
        "batchnorm": false,
        "dropout": 0.0,
        "bottleneck": false,
        "kw": {},
        "layers_per_block": 16
    },
    "results": {
        "num_epochs": 4,
        "train_loss": [
            2.313006989955902,
            2.3127699303627014,
            2.3127380814552305,
            2.3127247454325355
        ],
        "train_acc": [
            9.795416666666666,
            9.785,
            9.887083333333333,
            9.770416666666666
        ],
        "test_loss": [
            2.3126966241221076,
            2.3126590880494526,
            2.3126448827201185,
            2.3126369851999007
        ],
        "test_acc": [
            10.01,
            10.01,
            10.01,
            10.01
        ]
    }
}