{
    "config": {
        "run_name": "exp1_1_L16_K32",
        "out_dir": "./results",
        "seed": 1913811309,
        "device": "mps",
        "bs_train": 50,
        "bs_test": 12,
        "batches": 10,
        "epochs": 10,
        "early_stopping": 5,
        "checkpoints": null,
        "lr": 0.001,
        "reg": 0.001,
        "filters_per_layer": [
            32
        ],
        "pool_every": 16,
        "hidden_dims": [
            100
        ],
        "model_type": "cnn",
        "conv_params": {
            "kernel_size": 3,
            "stride": 1,
            "padding": 1
        },
        "activation_type": "relu",
        "activation_params": {},
        "pooling_type": "max",
        "pooling_params": {
            "kernel_size": 2
        },
        "batchnorm": true,
        "dropout": 0.2,
        "bottleneck": false,
        "kw": {},
        "layers_per_block": 16
    },
    "results": {
        "num_epochs": 6,
        "train_loss": [
            2.3171935176849363,
            2.3073682403564453,
            2.3051970577239986,
            2.3052473402023312,
            2.305249795913696,
            2.3050611591339107
        ],
        "train_acc": [
            12.01,
            13.01,
            13.01,
            13.01,
            13.01,
            13.01
        ],
        "test_loss": [
            2.313914952278137,
            2.314951429367065,
            2.318004927635193,
            2.3182586288452147,
            2.3181883668899532,
            2.319047722816467
        ],
        "test_acc": [
            7.51,
            7.51,
            7.51,
            7.51,
            7.51,
            7.51
        ]
    }
}