{
    "config": {
        "run_name": "exp1_2",
        "out_dir": "/home/galkesten/CS236781/Homework2/results",
        "seed": 42,
        "device": null,
        "bs_train": 32,
        "bs_test": 32,
        "batches": 1500,
        "epochs": 30,
        "early_stopping": 3,
        "checkpoints": null,
        "lr": 0.0001,
        "reg": 0.0001,
        "filters_per_layer": [
            32
        ],
        "pool_every": 4,
        "hidden_dims": [
            128
        ],
        "model_type": "cnn",
        "conv_params": {
            "kernel_size": 3,
            "stride": 1,
            "padding": 1
        },
        "activation_type": "relu",
        "activation_params": {},
        "pooling_type": "max",
        "pooling_params": {
            "kernel_size": 2
        },
        "batchnorm": false,
        "dropout": 0.0,
        "bottleneck": false,
        "kw": {},
        "layers_per_block": 2
    },
    "results": {
        "num_epochs": 26,
        "train_loss": [
            1.7111536232765514,
            1.4250047527770202,
            1.3022309862267971,
            1.2189736518839995,
            1.1576841653807957,
            1.106806671849489,
            1.0618750763360658,
            1.0201430975945789,
            0.9805474267892043,
            0.9424346721458435,
            0.9055770449244976,
            0.8701133546749751,
            0.8354289515372118,
            0.8017146163779497,
            0.7690376711285114,
            0.737139516475598,
            0.7056006790997585,
            0.6748286389581363,
            0.6440807641465466,
            0.6140228069955112,
            0.5843242120814324,
            0.5552147356734672,
            0.5262650978498659,
            0.49799925286849345,
            0.46966312686105566,
            0.4414699088263512
        ],
        "train_acc": [
            40.18116666666666,
            50.55260416666667,
            55.015541666666664,
            57.860375000000005,
            60.261229166666666,
            62.13814583333333,
            63.680499999999995,
            65.27966666666667,
            66.68945833333333,
            68.14554166666666,
            69.58268749999999,
            70.91041666666666,
            72.25918750000001,
            73.59743750000001,
            74.63900000000001,
            75.81102083333333,
            77.05037499999999,
            78.05616666666667,
            79.2155625,
            80.30341666666668,
            81.44808333333333,
            82.5675,
            83.79002083333333,
            84.84,
            86.1025,
            87.24506249999999
        ],
        "test_loss": [
            1.506585866711772,
            1.3619164897115847,
            1.2848367600338146,
            1.2383219579728648,
            1.2044845392452643,
            1.1742759441358213,
            1.1496101680331337,
            1.1300141946804791,
            1.1128169899950393,
            1.0998155711519833,
            1.0898830656464489,
            1.0785921917441554,
            1.0726598082944607,
            1.0683596350304998,
            1.0671059200538995,
            1.070571072417707,
            1.073534726866137,
            1.0784654737128236,
            1.0875446775031927,
            1.0959226067111896,
            1.1088988093503367,
            1.1236306303225385,
            1.1398989041068683,
            1.1587730578045112,
            1.1817386938769596,
            1.2094568559194145
        ],
        "test_acc": [
            47.1872,
            52.863400000000006,
            55.378299999999996,
            57.0852,
            58.0245,
            59.0345,
            59.994,
            60.6404,
            61.5494,
            62.1049,
            62.3372,
            62.9735,
            63.4078,
            63.6098,
            63.933,
            63.832,
            64.0845,
            64.1855,
            64.1956,
            64.1956,
            64.4077,
            64.438,
            64.4481,
            64.37740000000001,
            64.20570000000001,
            63.9633
        ]
    }
}