{
    "config": {
        "run_name": "exp1_1",
        "out_dir": "/home/galkesten/CS236781/Homework2/results",
        "seed": 42,
        "device": null,
        "bs_train": 32,
        "bs_test": 32,
        "batches": 1500,
        "epochs": 30,
        "early_stopping": 3,
        "checkpoints": null,
        "lr": 0.0001,
        "reg": 0.0001,
        "filters_per_layer": [
            32
        ],
        "pool_every": 4,
        "hidden_dims": [
            128
        ],
        "model_type": "cnn",
        "conv_params": {
            "kernel_size": 3,
            "stride": 1,
            "padding": 1
        },
        "activation_type": "relu",
        "activation_params": {},
        "pooling_type": "max",
        "pooling_params": {
            "kernel_size": 2
        },
        "batchnorm": false,
        "dropout": 0.0,
        "bottleneck": false,
        "kw": {},
        "layers_per_block": 8
    },
    "results": {
        "num_epochs": 16,
        "train_loss": [
            1.9154771184126536,
            1.6501311435699464,
            1.5276107466220856,
            1.4209631344079972,
            1.331725340684255,
            1.2611079561312994,
            1.2012338300148646,
            1.1479912741184235,
            1.0990048572619757,
            1.0552367521524428,
            1.0155885909001032,
            0.9780790529052417,
            0.9424725751876831,
            0.9089013191660246,
            0.8768061430652936,
            0.8442358324925104
        ],
        "train_acc": [
            29.155833333333334,
            39.528749999999995,
            44.99125,
            49.14958333333333,
            52.557916666666664,
            55.21,
            57.60791666666667,
            59.73291666666667,
            61.56625,
            63.30166666666666,
            64.75583333333334,
            66.0725,
            67.40583333333333,
            68.59125,
            69.81416666666667,
            70.82875
        ],
        "test_loss": [
            1.7270268834208529,
            1.5824941095985925,
            1.482871540072627,
            1.404224771676353,
            1.3484942456175344,
            1.2922593429598945,
            1.249902886148459,
            1.2260304800009194,
            1.1994269162854447,
            1.1963111842173737,
            1.1760279345969422,
            1.1589598918646669,
            1.1483537949083713,
            1.159500586925604,
            1.1650772089166002,
            1.1834529548940567
        ],
        "test_acc": [
            36.16,
            42.53,
            46.91,
            49.879999999999995,
            51.69,
            53.91,
            55.269999999999996,
            56.239999999999995,
            57.839999999999996,
            58.01,
            59.08,
            60.019999999999996,
            60.809999999999995,
            60.629999999999995,
            60.519999999999996,
            60.19
        ]
    }
}