{
    "config": {
        "run_name": "exp1_4",
        "out_dir": "/home/galkesten/CS236781/Homework2/results",
        "seed": 42,
        "device": null,
        "bs_train": 32,
        "bs_test": 32,
        "batches": 1500,
        "epochs": 60,
        "early_stopping": 3,
        "checkpoints": null,
        "lr": 0.0001,
        "reg": 0.0001,
        "filters_per_layer": [
            64,
            128,
            256
        ],
        "pool_every": 8,
        "hidden_dims": [
            512,
            256
        ],
        "model_type": "resnet",
        "conv_params": {
            "kernel_size": 3,
            "stride": 1,
            "padding": 1
        },
        "activation_type": "relu",
        "activation_params": {},
        "pooling_type": "max",
        "pooling_params": {
            "kernel_size": 2
        },
        "batchnorm": true,
        "dropout": 0.2,
        "bottleneck": false,
        "kw": {},
        "layers_per_block": 2
    },
    "results": {
        "num_epochs": 7,
        "train_loss": [
            1.5319105425258477,
            1.1414979015048345,
            0.8721221259818475,
            0.6114786395669977,
            0.37895856420611346,
            0.22224659414165343,
            0.14502997722585995
        ],
        "train_acc": [
            45.57414583333333,
            60.149708333333336,
            70.1760625,
            79.94991666666667,
            88.0404375,
            93.4755,
            96.14779166666668
        ],
        "test_loss": [
            1.274874489613996,
            1.0946085891060937,
            1.0317097330988405,
            1.1560552382640565,
            1.4640988480587738,
            1.7043055537904794,
            2.0027523507896703
        ],
        "test_acc": [
            56.176199999999994,
            63.9229,
            66.7711,
            67.2256,
            66.2055,
            66.61959999999999,
            65.2662
        ]
    }
}