{
    "config": {
        "run_name": "exp1_1",
        "out_dir": "/home/galkesten/CS236781/Homework2/results",
        "seed": 42,
        "device": null,
        "bs_train": 32,
        "bs_test": 32,
        "batches": 1500,
        "epochs": 30,
        "early_stopping": 3,
        "checkpoints": null,
        "lr": 0.0001,
        "reg": 0.0001,
        "filters_per_layer": [
            64
        ],
        "pool_every": 4,
        "hidden_dims": [
            128
        ],
        "model_type": "cnn",
        "conv_params": {
            "kernel_size": 3,
            "stride": 1,
            "padding": 1
        },
        "activation_type": "relu",
        "activation_params": {},
        "pooling_type": "max",
        "pooling_params": {
            "kernel_size": 2
        },
        "batchnorm": false,
        "dropout": 0.0,
        "bottleneck": false,
        "kw": {},
        "layers_per_block": 2
    },
    "results": {
        "num_epochs": 14,
        "train_loss": [
            1.5612230044205984,
            1.2694441799720129,
            1.1545816726287206,
            1.06478280266126,
            0.9836072837909062,
            0.9097797027031581,
            0.8409496976733207,
            0.7759124314188958,
            0.7135553179383278,
            0.6524725847542286,
            0.5934380564888319,
            0.5353249381482601,
            0.47885045238335927,
            0.4232647908528646
        ],
        "train_acc": [
            44.79958333333333,
            55.34958333333333,
            59.89958333333333,
            63.376666666666665,
            66.25375000000001,
            68.83083333333335,
            71.31625000000001,
            73.73916666666668,
            76.00375000000001,
            78.49125000000001,
            80.70583333333335,
            83.02666666666667,
            85.27250000000001,
            87.41208333333334
        ],
        "test_loss": [
            1.3816928058158096,
            1.2732042758000164,
            1.2068947071998646,
            1.158554799655756,
            1.118051425161453,
            1.0974915473377362,
            1.086605636090897,
            1.085702816152725,
            1.0890221670184272,
            1.1010931221974163,
            1.1177897242082955,
            1.1498307521122333,
            1.1788997621734303,
            1.2271454328698472
        ],
        "test_acc": [
            50.47,
            54.96,
            57.65,
            59.32,
            60.6,
            61.69,
            62.379999999999995,
            62.85,
            63.28,
            63.35,
            63.519999999999996,
            63.33,
            63.169999999999995,
            63.089999999999996
        ]
    }
}