{
    "config": {
        "run_name": "exp1_4",
        "out_dir": "/home/galkesten/CS236781/Homework2/results",
        "seed": 42,
        "device": null,
        "bs_train": 32,
        "bs_test": 32,
        "batches": 1500,
        "epochs": 60,
        "early_stopping": 3,
        "checkpoints": null,
        "lr": 0.0001,
        "reg": 0.0001,
        "filters_per_layer": [
            32
        ],
        "pool_every": 8,
        "hidden_dims": [
            512,
            256
        ],
        "model_type": "resnet",
        "conv_params": {
            "kernel_size": 3,
            "stride": 1,
            "padding": 1
        },
        "activation_type": "relu",
        "activation_params": {},
        "pooling_type": "max",
        "pooling_params": {
            "kernel_size": 2
        },
        "batchnorm": true,
        "dropout": 0.2,
        "bottleneck": false,
        "kw": {},
        "layers_per_block": 8
    },
    "results": {
        "num_epochs": 14,
        "train_loss": [
            1.738764510573546,
            1.46536241455396,
            1.3179785906223458,
            1.1687154447495938,
            1.0549020990208784,
            0.9544338224488497,
            0.8696380091943343,
            0.7917188341891765,
            0.7191149747071663,
            0.6409822414422035,
            0.571786008725663,
            0.50041451802512,
            0.42993819355790813,
            0.36656167286261915
        ],
        "train_acc": [
            37.761375,
            48.164375,
            53.517374999999994,
            59.27227083333334,
            63.339625,
            67.1965625,
            70.3465,
            73.06087500000001,
            76.04458333333334,
            78.6853125,
            81.20610416666668,
            83.8110625,
            86.16772916666666,
            88.37920833333332
        ],
        "test_loss": [
            1.5558650335450523,
            1.403823495669106,
            1.2639564468628302,
            1.1296096385344148,
            1.0369947512043172,
            0.9970021484806515,
            0.9866877563321552,
            0.9738739909293552,
            0.9431455721794226,
            1.009173083016857,
            1.0218969249354002,
            1.0872616108718771,
            1.191927978026029,
            1.3779718509611611
        ],
        "test_acc": [
            44.5511,
            50.2778,
            56.2469,
            61.155499999999996,
            64.3875,
            66.4378,
            67.5286,
            68.0437,
            69.8819,
            69.66980000000001,
            70.195,
            69.7304,
            68.9224,
            67.1852
        ]
    }
}