{
    "config": {
        "run_name": "exp1_2",
        "out_dir": "/home/galkesten/CS236781/Homework2/results",
        "seed": 42,
        "device": null,
        "bs_train": 32,
        "bs_test": 32,
        "batches": 1500,
        "epochs": 30,
        "early_stopping": 3,
        "checkpoints": null,
        "lr": 0.0001,
        "reg": 0.0001,
        "filters_per_layer": [
            64
        ],
        "pool_every": 4,
        "hidden_dims": [
            128
        ],
        "model_type": "cnn",
        "conv_params": {
            "kernel_size": 3,
            "stride": 1,
            "padding": 1
        },
        "activation_type": "relu",
        "activation_params": {},
        "pooling_type": "max",
        "pooling_params": {
            "kernel_size": 2
        },
        "batchnorm": false,
        "dropout": 0.0,
        "bottleneck": false,
        "kw": {},
        "layers_per_block": 4
    },
    "results": {
        "num_epochs": 14,
        "train_loss": [
            1.6685457397286099,
            1.3613625836086274,
            1.2241446810793877,
            1.1327136563607056,
            1.0570621273336807,
            0.989185040868918,
            0.9247226365200679,
            0.8618169139458736,
            0.8019614164159696,
            0.7432879330100616,
            0.6865830190800627,
            0.6301171026968956,
            0.5730860719703634,
            0.5146424323754509
        ],
        "train_acc": [
            40.709312499999996,
            52.34114583333333,
            57.5384375,
            60.96822916666667,
            63.82358333333334,
            66.52533333333332,
            68.90304166666667,
            71.16291666666666,
            73.28391666666667,
            75.31233333333333,
            77.3596875,
            79.40914583333334,
            81.65008333333334,
            83.76266666666668
        ],
        "test_loss": [
            1.4473772778792884,
            1.3106723071153934,
            1.2345114925208565,
            1.172823510139514,
            1.1277501128466365,
            1.0874895292463393,
            1.0610490233029801,
            1.0479728242383597,
            1.0377664142428114,
            1.0345086194093998,
            1.0430580169190995,
            1.071435629642619,
            1.11056446082771,
            1.1652487596088705
        ],
        "test_acc": [
            48.8436,
            53.863299999999995,
            57.2266,
            59.8223,
            60.993900000000004,
            62.6099,
            63.6199,
            64.5491,
            65.145,
            65.852,
            66.5287,
            66.4681,
            66.3267,
            66.1853
        ]
    }
}