{
    "config": {
        "run_name": "exp1_1",
        "out_dir": "/home/galkesten/CS236781/Homework2/results",
        "seed": 42,
        "device": null,
        "bs_train": 32,
        "bs_test": 32,
        "batches": 1500,
        "epochs": 30,
        "early_stopping": 3,
        "checkpoints": null,
        "lr": 0.0001,
        "reg": 0.0001,
        "filters_per_layer": [
            32
        ],
        "pool_every": 4,
        "hidden_dims": [
            128
        ],
        "model_type": "cnn",
        "conv_params": {
            "kernel_size": 3,
            "stride": 1,
            "padding": 1
        },
        "activation_type": "relu",
        "activation_params": {},
        "pooling_type": "max",
        "pooling_params": {
            "kernel_size": 2
        },
        "batchnorm": false,
        "dropout": 0.0,
        "bottleneck": false,
        "kw": {},
        "layers_per_block": 4
    },
    "results": {
        "num_epochs": 17,
        "train_loss": [
            1.7662269256909688,
            1.4864682273467382,
            1.3633301495313646,
            1.2617676878770192,
            1.1847228988806406,
            1.1235892864068349,
            1.0731109517415365,
            1.0294274547894795,
            0.9883446948925654,
            0.9503448797067007,
            0.9136757711768151,
            0.8781156506339709,
            0.8439935590426128,
            0.8103038295706113,
            0.7768038817246755,
            0.7438974089026451,
            0.7115467166105907
        ],
        "train_acc": [
            36.42041666666667,
            47.341249999999995,
            51.71,
            55.434999999999995,
            58.278749999999995,
            60.595416666666665,
            62.626666666666665,
            64.24958333333333,
            65.73916666666668,
            67.17875000000001,
            68.54333333333334,
            69.83916666666667,
            71.02041666666668,
            72.20375,
            73.53083333333333,
            74.69541666666667,
            75.88708333333334
        ],
        "test_loss": [
            1.5514237138181448,
            1.4126174503393447,
            1.3209242360051068,
            1.2426030495067755,
            1.1905168176992251,
            1.1537545721523297,
            1.1298041362884326,
            1.1097550754120555,
            1.0908124886914945,
            1.0776803703125293,
            1.0711166036167084,
            1.064852870706552,
            1.0653516995030852,
            1.0548263321821683,
            1.0615330666170333,
            1.0660493178832264,
            1.077012496935293
        ],
        "test_acc": [
            44.32,
            49.96,
            53.21,
            56.14,
            57.66,
            59.309999999999995,
            60.11,
            61.21,
            62.059999999999995,
            62.35,
            62.69,
            63.089999999999996,
            63.18,
            64.18,
            64.03,
            64.03,
            64.0
        ]
    }
}