{
    "config": {
        "run_name": "exp1_2",
        "out_dir": "/home/galkesten/CS236781/Homework2/results",
        "seed": 42,
        "device": null,
        "bs_train": 32,
        "bs_test": 32,
        "batches": 1500,
        "epochs": 30,
        "early_stopping": 3,
        "checkpoints": null,
        "lr": 0.0001,
        "reg": 0.0001,
        "filters_per_layer": [
            64
        ],
        "pool_every": 4,
        "hidden_dims": [
            128
        ],
        "model_type": "cnn",
        "conv_params": {
            "kernel_size": 3,
            "stride": 1,
            "padding": 1
        },
        "activation_type": "relu",
        "activation_params": {},
        "pooling_type": "max",
        "pooling_params": {
            "kernel_size": 2
        },
        "batchnorm": false,
        "dropout": 0.0,
        "bottleneck": false,
        "kw": {},
        "layers_per_block": 2
    },
    "results": {
        "num_epochs": 13,
        "train_loss": [
            1.5667966555043062,
            1.273919815231959,
            1.158998620624145,
            1.0689019283735752,
            0.9875115319472552,
            0.9131122549766302,
            0.844135893916885,
            0.7790952249856791,
            0.71727045171539,
            0.6569403207786878,
            0.5989190771464507,
            0.5414843287350735,
            0.48566204213241737
        ],
        "train_acc": [
            45.233270833333336,
            55.86352083333333,
            60.3033125,
            63.701541666666664,
            66.77572916666666,
            69.30283333333333,
            71.89095833333333,
            74.35283333333332,
            76.6526875,
            79.03460416666667,
            81.1598125,
            83.49754166666666,
            85.7174375
        ],
        "test_loss": [
            1.3876627124308016,
            1.2729747290923572,
            1.2059214195371055,
            1.153991940929867,
            1.1185579031267867,
            1.0973828158287193,
            1.082494270723468,
            1.0791076887244233,
            1.0806459312088572,
            1.0930096970217675,
            1.1109095737918877,
            1.13305625485536,
            1.1667155699341443
        ],
        "test_acc": [
            50.702000000000005,
            55.5601,
            58.3679,
            60.2667,
            61.7211,
            62.2564,
            62.892700000000005,
            63.3169,
            63.912800000000004,
            64.1249,
            63.9229,
            64.0845,
            63.9532
        ]
    }
}