{
    "config": {
        "run_name": "exp1_1",
        "out_dir": "/home/galkesten/CS236781/Homework2/results",
        "seed": 42,
        "device": null,
        "bs_train": 32,
        "bs_test": 32,
        "batches": 1500,
        "epochs": 30,
        "early_stopping": 3,
        "checkpoints": null,
        "lr": 0.0001,
        "reg": 0.0001,
        "filters_per_layer": [
            64
        ],
        "pool_every": 4,
        "hidden_dims": [
            128
        ],
        "model_type": "cnn",
        "conv_params": {
            "kernel_size": 3,
            "stride": 1,
            "padding": 1
        },
        "activation_type": "relu",
        "activation_params": {},
        "pooling_type": "max",
        "pooling_params": {
            "kernel_size": 2
        },
        "batchnorm": false,
        "dropout": 0.0,
        "bottleneck": false,
        "kw": {},
        "layers_per_block": 8
    },
    "results": {
        "num_epochs": 14,
        "train_loss": [
            1.820918486515681,
            1.4738231186072033,
            1.3332943149010341,
            1.2319695602655412,
            1.1464179626305897,
            1.0675284262895584,
            0.9967417813539505,
            0.9341237790584564,
            0.8728080172538757,
            0.8121967257658641,
            0.7536820626159509,
            0.6973767413000266,
            0.6421803255975247,
            0.5889874997437
        ],
        "train_acc": [
            33.485,
            47.059999999999995,
            52.69958333333333,
            56.468333333333334,
            59.76833333333333,
            62.72458333333333,
            65.36208333333335,
            67.76833333333335,
            69.96833333333333,
            72.34541666666667,
            74.23708333333335,
            76.24125000000001,
            78.46416666666667,
            80.21625
        ],
        "test_loss": [
            1.65053968804332,
            1.3895602045501003,
            1.2924245849356484,
            1.2388753879717744,
            1.1936119629323674,
            1.1588781377149466,
            1.15991906885141,
            1.165240445472181,
            1.1747709368135983,
            1.1946365484947594,
            1.23473999829338,
            1.2884501298928794,
            1.3879751361368564,
            1.4799135017090332
        ],
        "test_acc": [
            40.629999999999995,
            50.269999999999996,
            53.669999999999995,
            56.25,
            57.839999999999996,
            59.39,
            60.239999999999995,
            60.699999999999996,
            61.21,
            61.589999999999996,
            61.85,
            61.33,
            61.53,
            61.48
        ]
    }
}