{
    "config": {
        "run_name": "exp1_2",
        "out_dir": "/home/galkesten/CS236781/Homework2/results",
        "seed": 42,
        "device": null,
        "bs_train": 32,
        "bs_test": 32,
        "batches": 1500,
        "epochs": 30,
        "early_stopping": 3,
        "checkpoints": null,
        "lr": 0.0001,
        "reg": 0.0001,
        "filters_per_layer": [
            128
        ],
        "pool_every": 4,
        "hidden_dims": [
            128
        ],
        "model_type": "cnn",
        "conv_params": {
            "kernel_size": 3,
            "stride": 1,
            "padding": 1
        },
        "activation_type": "relu",
        "activation_params": {},
        "pooling_type": "max",
        "pooling_params": {
            "kernel_size": 2
        },
        "batchnorm": false,
        "dropout": 0.0,
        "bottleneck": false,
        "kw": {},
        "layers_per_block": 2
    },
    "results": {
        "num_epochs": 11,
        "train_loss": [
            1.5263223349416255,
            1.1991268727775415,
            1.0547960012223323,
            0.9481502356970309,
            0.8600427036758264,
            0.7799804372805358,
            0.7025968149689833,
            0.6271343999217948,
            0.5529283217586081,
            0.47957197411457697,
            0.4080791374827425
        ],
        "train_acc": [
            46.497875,
            58.695729166666666,
            64.1665625,
            68.02139583333333,
            71.15029166666667,
            74.19081249999999,
            77.0945625,
            80.03618750000001,
            82.91047916666668,
            85.7048125,
            88.53702083333333
        ],
        "test_loss": [
            1.323344266424164,
            1.1842479974564653,
            1.104155019116097,
            1.0592204059579502,
            1.0367187264190314,
            1.0275995624484346,
            1.03170122941462,
            1.0479170133892342,
            1.0744269014947332,
            1.1173642309348042,
            1.1693383822054526
        ],
        "test_acc": [
            53.4189,
            59.175900000000006,
            62.2968,
            64.0239,
            64.7208,
            65.27629999999999,
            65.43790000000001,
            65.8621,
            65.7611,
            65.7813,
            65.5591
        ]
    }
}