{
    "config": {
        "run_name": "exp1_3",
        "out_dir": "/home/galkesten/CS236781/Homework2/results",
        "seed": 42,
        "device": null,
        "bs_train": 32,
        "bs_test": 32,
        "batches": 1500,
        "epochs": 30,
        "early_stopping": 3,
        "checkpoints": null,
        "lr": 0.0001,
        "reg": 0.0001,
        "filters_per_layer": [
            64,
            128
        ],
        "pool_every": 4,
        "hidden_dims": [
            128
        ],
        "model_type": "cnn",
        "conv_params": {
            "kernel_size": 3,
            "stride": 1,
            "padding": 1
        },
        "activation_type": "relu",
        "activation_params": {},
        "pooling_type": "max",
        "pooling_params": {
            "kernel_size": 2
        },
        "batchnorm": false,
        "dropout": 0.0,
        "bottleneck": false,
        "kw": {},
        "layers_per_block": 2
    },
    "results": {
        "num_epochs": 13,
        "train_loss": [
            1.6179812096444766,
            1.2963229075272877,
            1.156436752476692,
            1.0370435035681724,
            0.9314386398804188,
            0.8358697524966796,
            0.747332408148845,
            0.6580382564801971,
            0.5682534112148484,
            0.4794462653087576,
            0.3899040768541396,
            0.30901857638597485,
            0.24430864489766457
        ],
        "train_acc": [
            42.70827083333334,
            54.836687500000004,
            59.84670833333334,
            64.55583333333333,
            68.541125,
            72.07822916666666,
            75.32285416666667,
            78.679,
            81.88995833333334,
            85.17666666666666,
            88.51177083333334,
            90.99258333333334,
            93.06939583333333
        ],
        "test_loss": [
            1.4318655942651792,
            1.2870149035537586,
            1.2028732606283012,
            1.131631194286453,
            1.0754712950135954,
            1.0579264948067193,
            1.048723993846022,
            1.056862846106386,
            1.100243702215699,
            1.1864466452741393,
            1.2970315717413023,
            1.4327407563323031,
            1.6638533948576106
        ],
        "test_acc": [
            49.732400000000005,
            54.742000000000004,
            57.9942,
            60.519200000000005,
            63.3371,
            64.47840000000001,
            65.2157,
            65.91260000000001,
            66.0338,
            66.1954,
            66.155,
            65.74090000000001,
            64.8016
        ]
    }
}