{
    "config": {
        "run_name": "exp1_2",
        "out_dir": "/home/galkesten/CS236781/Homework2/results",
        "seed": 42,
        "device": null,
        "bs_train": 32,
        "bs_test": 32,
        "batches": 1500,
        "epochs": 30,
        "early_stopping": 3,
        "checkpoints": null,
        "lr": 0.0001,
        "reg": 0.0001,
        "filters_per_layer": [
            32
        ],
        "pool_every": 4,
        "hidden_dims": [
            128
        ],
        "model_type": "cnn",
        "conv_params": {
            "kernel_size": 3,
            "stride": 1,
            "padding": 1
        },
        "activation_type": "relu",
        "activation_params": {},
        "pooling_type": "max",
        "pooling_params": {
            "kernel_size": 2
        },
        "batchnorm": false,
        "dropout": 0.0,
        "bottleneck": false,
        "kw": {},
        "layers_per_block": 4
    },
    "results": {
        "num_epochs": 23,
        "train_loss": [
            1.7747582336751622,
            1.4917008797335625,
            1.3637708574783802,
            1.2661413572835922,
            1.1948173883966604,
            1.1386671179131667,
            1.090023569451173,
            1.0468292773914336,
            1.0086204467592637,
            0.9727394300472737,
            0.9383519364376862,
            0.9041794666737318,
            0.871619922665159,
            0.8395192463250956,
            0.8078032612313827,
            0.7759580257151524,
            0.7443097816097737,
            0.7131920382161935,
            0.6816422522610426,
            0.6500996298169097,
            0.6194955238379041,
            0.5902901142873367,
            0.5588847934559982
        ],
        "train_acc": [
            36.83975,
            47.796145833333334,
            52.39375,
            55.76041666666667,
            58.35485416666666,
            60.53477083333333,
            62.554770833333336,
            64.07397916666666,
            65.41854166666666,
            66.8683125,
            68.111875,
            69.34491666666666,
            70.62214583333333,
            71.71841666666667,
            72.90095833333332,
            73.96777083333333,
            75.24920833333333,
            76.44227083333334,
            77.64795833333334,
            78.83891666666668,
            79.88679166666667,
            80.87575000000001,
            81.99727083333333
        ],
        "test_loss": [
            1.5549746360870216,
            1.4199568020040614,
            1.3295288499951745,
            1.2545945110069678,
            1.2040784538477756,
            1.1703043535532662,
            1.1359038627585665,
            1.111946679372757,
            1.0964276428116015,
            1.0846167541845158,
            1.0743989337537996,
            1.0679726432535215,
            1.0639450896852694,
            1.0656679938471736,
            1.0684804272366029,
            1.0695049731838056,
            1.067549146392856,
            1.0748057671400686,
            1.0855937558184034,
            1.1018809730100174,
            1.125428489345712,
            1.15085382564761,
            1.194394615663888
        ],
        "test_acc": [
            44.7834,
            50.4394,
            53.9643,
            56.3782,
            58.075,
            59.5799,
            60.8727,
            61.6403,
            62.0847,
            62.64020000000001,
            63.0745,
            63.4078,
            63.72090000000001,
            63.8926,
            63.912800000000004,
            64.1855,
            64.5895,
            64.6198,
            64.70060000000001,
            64.87230000000001,
            64.6299,
            64.4178,
            64.1855
        ]
    }
}