{
    "config": {
        "run_name": "exp1_1",
        "out_dir": "/home/galkesten/CS236781/Homework2/results",
        "seed": 42,
        "device": null,
        "bs_train": 32,
        "bs_test": 32,
        "batches": 1500,
        "epochs": 30,
        "early_stopping": 3,
        "checkpoints": null,
        "lr": 0.0001,
        "reg": 0.0001,
        "filters_per_layer": [
            64
        ],
        "pool_every": 4,
        "hidden_dims": [
            128
        ],
        "model_type": "cnn",
        "conv_params": {
            "kernel_size": 3,
            "stride": 1,
            "padding": 1
        },
        "activation_type": "relu",
        "activation_params": {},
        "pooling_type": "max",
        "pooling_params": {
            "kernel_size": 2
        },
        "batchnorm": false,
        "dropout": 0.0,
        "bottleneck": false,
        "kw": {},
        "layers_per_block": 4
    },
    "results": {
        "num_epochs": 17,
        "train_loss": [
            1.6625044918457668,
            1.3571662984689077,
            1.2280643652280172,
            1.1391484286785125,
            1.0636588054498037,
            0.9942956094543139,
            0.9272501915693283,
            0.8620157368779182,
            0.798941840449969,
            0.7397162383596102,
            0.6829143166542053,
            0.6266577838857968,
            0.5698562312821547,
            0.5115431181887786,
            0.45477228438854217,
            0.4003113406896591,
            0.3494601384450992
        ],
        "train_acc": [
            40.26,
            51.872499999999995,
            56.69958333333333,
            60.085,
            62.970416666666665,
            65.48916666666668,
            68.15375,
            70.47041666666667,
            72.75375000000001,
            74.78500000000001,
            76.79541666666667,
            78.81625000000001,
            80.96416666666667,
            83.27041666666668,
            85.29125,
            87.41000000000001,
            88.98291666666667
        ],
        "test_loss": [
            1.4612953289781516,
            1.3184532987957183,
            1.260137342622105,
            1.2071127124259267,
            1.1653350818423798,
            1.1201077250398386,
            1.0858167777579433,
            1.0632402901794202,
            1.0374491133019565,
            1.036522203280141,
            1.0416788992180992,
            1.0603270109050191,
            1.0903379668785742,
            1.1388816416606355,
            1.2111716645746566,
            1.319645018352868,
            1.423096228156227
        ],
        "test_acc": [
            47.73,
            52.85,
            55.419999999999995,
            57.54,
            59.11,
            60.91,
            62.309999999999995,
            63.41,
            64.47,
            65.30000000000001,
            65.98,
            66.21000000000001,
            66.2,
            66.28,
            65.97,
            65.41000000000001,
            65.52000000000001
        ]
    }
}