{
    "config": {
        "run_name": "exp1_2",
        "out_dir": "/home/galkesten/CS236781/Homework2/results",
        "seed": 42,
        "device": null,
        "bs_train": 32,
        "bs_test": 32,
        "batches": 1500,
        "epochs": 30,
        "early_stopping": 3,
        "checkpoints": null,
        "lr": 0.0001,
        "reg": 0.0001,
        "filters_per_layer": [
            128
        ],
        "pool_every": 4,
        "hidden_dims": [
            128
        ],
        "model_type": "cnn",
        "conv_params": {
            "kernel_size": 3,
            "stride": 1,
            "padding": 1
        },
        "activation_type": "relu",
        "activation_params": {},
        "pooling_type": "max",
        "pooling_params": {
            "kernel_size": 2
        },
        "batchnorm": false,
        "dropout": 0.0,
        "bottleneck": false,
        "kw": {},
        "layers_per_block": 8
    },
    "results": {
        "num_epochs": 10,
        "train_loss": [
            1.7301636235308648,
            1.3076471332522233,
            1.1303250633009276,
            0.9890841780020793,
            0.8605230381884178,
            0.737405281136036,
            0.6179094406677286,
            0.5087493804507455,
            0.4193615371821324,
            0.3391287152754267
        ],
        "train_acc": [
            37.685625,
            54.47266666666666,
            61.1239375,
            66.34858333333332,
            71.14397916666667,
            75.22185416666667,
            79.71635416666666,
            83.539625,
            86.65168750000001,
            89.1893125
        ],
        "test_loss": [
            1.4427131425839261,
            1.2632708844685325,
            1.2261380706713223,
            1.1801383366847573,
            1.18126578965507,
            1.2134091020773012,
            1.3507902094036246,
            1.5442660273092623,
            1.8164244614755765,
            1.929239170480841
        ],
        "test_acc": [
            48.0861,
            54.8935,
            56.964,
            59.893,
            61.913,
            63.3977,
            63.5492,
            62.7917,
            61.1353,
            59.9839
        ]
    }
}