{
    "config": {
        "run_name": "exp1_2",
        "out_dir": "/home/galkesten/CS236781/Homework2/results",
        "seed": 42,
        "device": null,
        "bs_train": 32,
        "bs_test": 32,
        "batches": 1500,
        "epochs": 30,
        "early_stopping": 3,
        "checkpoints": null,
        "lr": 0.0001,
        "reg": 0.0001,
        "filters_per_layer": [
            32
        ],
        "pool_every": 4,
        "hidden_dims": [
            128
        ],
        "model_type": "cnn",
        "conv_params": {
            "kernel_size": 3,
            "stride": 1,
            "padding": 1
        },
        "activation_type": "relu",
        "activation_params": {},
        "pooling_type": "max",
        "pooling_params": {
            "kernel_size": 2
        },
        "batchnorm": false,
        "dropout": 0.0,
        "bottleneck": false,
        "kw": {},
        "layers_per_block": 8
    },
    "results": {
        "num_epochs": 16,
        "train_loss": [
            1.9246680063295365,
            1.671132882654667,
            1.5429884175908566,
            1.4237160219713054,
            1.3382233322175343,
            1.2734141878604888,
            1.2175221750513712,
            1.1658348429588477,
            1.1190631302011014,
            1.075678398632606,
            1.036098861953616,
            0.9971823624034722,
            0.9609513912272454,
            0.9254148328971863,
            0.8913052347485224,
            0.8574923305092256
        ],
        "train_acc": [
            29.468854166666667,
            39.71404166666667,
            45.01022916666666,
            49.64570833333334,
            52.95345833333334,
            55.712020833333334,
            57.8161875,
            59.92035416666667,
            61.63104166666667,
            63.13341666666667,
            64.602125,
            66.0603125,
            67.40277083333334,
            68.65264583333332,
            70.0245625,
            71.20289583333333
        ],
        "test_loss": [
            1.7318170369547397,
            1.6009980860685769,
            1.4888440248341606,
            1.3893148594313918,
            1.3320258931172921,
            1.2855106156055158,
            1.247427357141964,
            1.215361930566093,
            1.1894505233048631,
            1.16705417285712,
            1.1562611261667155,
            1.1471128165988496,
            1.1432134499203284,
            1.1607994227839735,
            1.1850581745122568,
            1.2049394766381756
        ],
        "test_acc": [
            37.0165,
            42.117000000000004,
            46.5004,
            50.1667,
            52.924,
            54.9945,
            56.4893,
            57.7013,
            58.4891,
            59.5092,
            60.327299999999994,
            61.12520000000001,
            61.307,
            60.6606,
            60.367700000000006,
            60.2768
        ]
    }
}