{
    "config": {
        "run_name": "exp1_4",
        "out_dir": "/home/galkesten/CS236781/Homework2/results",
        "seed": 42,
        "device": null,
        "bs_train": 32,
        "bs_test": 32,
        "batches": 1500,
        "epochs": 60,
        "early_stopping": 3,
        "checkpoints": null,
        "lr": 0.0001,
        "reg": 0.0001,
        "filters_per_layer": [
            64,
            128,
            256
        ],
        "pool_every": 8,
        "hidden_dims": [
            512,
            256
        ],
        "model_type": "resnet",
        "conv_params": {
            "kernel_size": 3,
            "stride": 1,
            "padding": 1
        },
        "activation_type": "relu",
        "activation_params": {},
        "pooling_type": "max",
        "pooling_params": {
            "kernel_size": 2
        },
        "batchnorm": true,
        "dropout": 0.2,
        "bottleneck": false,
        "kw": {},
        "layers_per_block": 8
    },
    "results": {
        "num_epochs": 17,
        "train_loss": [
            1.8693083520857492,
            1.5145010377681256,
            1.3166029301790396,
            1.143419049080213,
            0.9993866690270107,
            0.891580449051261,
            0.7973019853467742,
            0.7157561655852198,
            0.643665332651337,
            0.5723450901871919,
            0.5116831808348,
            0.44921770019645496,
            0.39367774627459545,
            0.338521822304527,
            0.29051811273911343,
            0.24948991969635087,
            0.22078358235930404
        ],
        "train_acc": [
            31.629833333333334,
            45.248,
            53.187020833333335,
            59.90983333333334,
            65.39539583333334,
            69.52797916666667,
            72.81679166666666,
            75.82154166666668,
            78.46227083333333,
            80.8315625,
            82.97991666666667,
            85.408125,
            87.28925,
            89.29872916666667,
            90.71272916666666,
            92.24877083333332,
            93.25035416666667
        ],
        "test_loss": [
            1.6061365793459714,
            1.3463234747712987,
            1.1851194086166237,
            1.0454994401802271,
            0.9386944073114913,
            0.9024902260084503,
            0.8450385378991453,
            0.8120348455645024,
            0.8429603995558934,
            0.8340100492865513,
            0.809790600627756,
            0.8545691157015749,
            0.8670097878494393,
            0.9062396890710528,
            0.9826347603265659,
            1.0263174407274578,
            1.0447624384109586
        ],
        "test_acc": [
            41.430200000000006,
            50.9242,
            58.0245,
            63.7108,
            67.973,
            70.0031,
            72.5685,
            73.7199,
            73.18459999999999,
            74.74,
            76.0934,
            75.8005,
            76.2348,
            76.4368,
            75.98230000000001,
            75.9722,
            76.0429
        ]
    }
}