{
    "config": {
        "run_name": "exp1_1",
        "out_dir": "/home/galkesten/CS236781/Homework2/results",
        "seed": 42,
        "device": null,
        "bs_train": 32,
        "bs_test": 32,
        "batches": 1500,
        "epochs": 30,
        "early_stopping": 3,
        "checkpoints": null,
        "lr": 0.0001,
        "reg": 0.0001,
        "filters_per_layer": [
            32
        ],
        "pool_every": 4,
        "hidden_dims": [
            128
        ],
        "model_type": "cnn",
        "conv_params": {
            "kernel_size": 3,
            "stride": 1,
            "padding": 1
        },
        "activation_type": "relu",
        "activation_params": {},
        "pooling_type": "max",
        "pooling_params": {
            "kernel_size": 2
        },
        "batchnorm": false,
        "dropout": 0.0,
        "bottleneck": false,
        "kw": {},
        "layers_per_block": 16
    },
    "results": {
        "num_epochs": 4,
        "train_loss": [
            2.3129985683759053,
            2.312762880007426,
            2.312740954240163,
            2.3127306537628174
        ],
        "train_acc": [
            9.735,
            9.6725,
            9.64125,
            9.643333333333333
        ],
        "test_loss": [
            2.312705240706666,
            2.312670889388258,
            2.3126548102260016,
            2.3126424474990404
        ],
        "test_acc": [
            10.01,
            10.01,
            10.01,
            10.01
        ]
    }
}