{
    "config": {
        "run_name": "exp1_4",
        "out_dir": "/home/galkesten/CS236781/Homework2/results",
        "seed": 42,
        "device": null,
        "bs_train": 32,
        "bs_test": 32,
        "batches": 1500,
        "epochs": 60,
        "early_stopping": 3,
        "checkpoints": null,
        "lr": 0.0001,
        "reg": 0.0001,
        "filters_per_layer": [
            32
        ],
        "pool_every": 8,
        "hidden_dims": [
            512,
            256
        ],
        "model_type": "resnet",
        "conv_params": {
            "kernel_size": 3,
            "stride": 1,
            "padding": 1
        },
        "activation_type": "relu",
        "activation_params": {},
        "pooling_type": "max",
        "pooling_params": {
            "kernel_size": 2
        },
        "batchnorm": true,
        "dropout": 0.2,
        "bottleneck": false,
        "kw": {},
        "layers_per_block": 16
    },
    "results": {
        "num_epochs": 19,
        "train_loss": [
            1.830798106365204,
            1.5094512898484866,
            1.3694096022586029,
            1.2433023204787572,
            1.1171914028179646,
            1.0231685823420684,
            0.9411696641047795,
            0.8768689906787872,
            0.8168150750619173,
            0.7631384008737405,
            0.7072460381581386,
            0.6610728569568197,
            0.6161323579216997,
            0.5626784207224846,
            0.5201499083695312,
            0.47537215550680956,
            0.4350143748987218,
            0.3989322865686814,
            0.3576684862600267
        ],
        "train_acc": [
            33.92758333333334,
            46.63675,
            51.876124999999995,
            56.54947916666667,
            61.328041666666664,
            64.66525,
            67.87410416666667,
            70.23708333333335,
            72.3728125,
            74.14872916666667,
            76.20029166666667,
            77.88572916666666,
            79.66585416666666,
            81.23345833333333,
            82.77160416666666,
            84.34762500000001,
            85.6985,
            87.14195833333333,
            88.614875
        ],
        "test_loss": [
            1.588741751178004,
            1.4504403525190992,
            1.2894505490872044,
            1.142451566897642,
            1.0715225426114785,
            0.989838226988864,
            0.9544726343905202,
            0.9004791550819105,
            0.8817698921353673,
            0.8801918652644173,
            0.8663090445429753,
            0.8462192870414675,
            0.873041303565803,
            0.8728395968704178,
            0.9052820145998138,
            0.9163608182961948,
            0.9841298990680005,
            0.9961514067854553,
            1.055857765706488
        ],
        "test_acc": [
            43.4805,
            48.5608,
            54.4289,
            60.0142,
            63.4078,
            66.2762,
            68.0639,
            70.2253,
            71.3363,
            71.6999,
            72.7705,
            73.2654,
            73.4775,
            73.57849999999999,
            73.7098,
            73.8714,
            73.64920000000001,
            73.80069999999999,
            73.7199
        ]
    }
}